title_1	year_1	title_2	year_2	rating
ghostbusters	1984	ghostbusters	2016	OK
collateral	2004	mad max 2	1981	OK
american pie	1999	american reunion	2012	OK
forrest gump	1994	the truman show	1998	OK
pan's labyrinth	2006	wild tales	2014	NOT_OK
black panther	2018	captain america: civil war	2016	OK
jurassic park	1993	jurassic world	2015	OK
mad max 2	1981	where the wild things are	2009	NOT_OK
despicable me 2	2013	minions	2015	OK
first blood	1982	jaws	1975	OK
despicable me	2010	the peanuts movie	2015	OK
life of pi	2012	the nutcracker and the four realms	2018	OK
avengers: infinity war	2018	the avengers	2012	OK
ace ventura: when nature calls	1995	beverly hills cop	1984	NOT_OK
despicable me	2010	despicable me 2	2013	OK
jojo rabbit	2019	star wars: the last jedi	2017	NOT_OK
drive	2011	rush	2013	NOT_OK
blade runner	1982	cloud atlas	2012	OK
3 women	1977	rosemary's baby	1968	OK
jurassic park	1993	jurassic park iii	2001	OK
black panther	2018	the hunger games	2012	OK
divergent	2014	rambo	2008	NOT_OK
brokeback mountain	2005	pirates of the caribbean: the curse of the black pearl	2003	NOT_OK
goodfellas	1990	pulp fiction	1994	OK
inception	2010	iron man	2008	NOT_OK
edward scissorhands	1990	pretty woman	1990	NOT_OK
captain america: civil war	2016	the hunger games	2012	NOT_OK
batman begins	2005	the dark knight rises	2012	OK
mary and max	2009	rushmore	1998	OK
angels & demons	2009	the da vinci code	2006	OK
parasite	2019	the interview	2014	NOT_OK
call me by your name	2017	chocolat	2000	OK
gravity	2013	interstellar	2014	OK
il grido	1957	nights of cabiria	1957	OK
brokeback mountain	2005	little fockers	2010	NOT_OK
raw deal	1986	the maltese falcon	1941	OK
rosemary's baby	1968	ruby	1977	OK
city lights	1931	little darlings	1980	NOT_OK
aquamarine	2006	despicable me	2010	NOT_OK
psycho	1960	psycho ii	1983	OK
click	2006	the godfather	1972	NOT_OK
terminator salvation	2009	the terminator	1984	OK
jack reacher: never go back	2016	red sparrow	2018	OK
hope floats	1998	the graduate	1967	OK
it	2017	the conjuring	2013	OK
gravity	2013	the martian	2015	OK
inside man	2006	the usual suspects	1995	OK
star wars: the force awakens	2015	war for the planet of the apes	2017	OK
the lord of the rings: the return of the king	2003	the lord of the rings: the two towers	2002	OK
casablanca	1942	the conspirators	1944	OK
annabelle: creation	2017	it	2017	OK
first reformed	2017	halloween	2018	NOT_OK
drive	2011	pulp fiction	1994	NOT_OK
bohemian rhapsody	2018	whiplash	2014	OK
saving private ryan	1998	valkyrie	2008	OK
casablanca	1942	from here to eternity	1953	NOT_OK
alien vs. predator	2004	aliens	1986	OK
quantum of solace	2008	skyfall	2012	OK
annie hall	1977	chasing amy	1997	OK
green book	2018	the disaster artist	2017	NOT_OK
scream	1996	the exorcist	1973	OK
a separation	2011	offside	2006	OK
good time	2017	reindeer games	2000	OK
ace ventura: when nature calls	1995	beverly hills cop iii	1994	OK
a separation	2011	fireworks wednesday	2006	OK
inglourious basterds	2009	valkyrie	2008	OK
the diving bell and the butterfly	2007	the passion of joan of arc	1928	NOT_OK
back to the future	1985	back to the future part iii	1990	OK
amores perros	2000	talk to her	2002	OK
the last metro	1980	the passion of joan of arc	1928	NOT_OK
22 jump street	2014	ghostbusters	1984	NOT_OK
saving private ryan	1998	the pianist	2002	OK
some like it hot	1959	you've got mail	1998	NOT_OK
city of god	2002	elite squad	2007	OK
avengers: infinity war	2018	black panther	2018	OK
12 years a slave	2013	green book	2018	OK
toy story	1995	toy story 2	1999	OK
first reformed	2017	philomena	2013	NOT_OK
forrest gump	1994	the aviator	2004	NOT_OK
fast times at ridgemont high	1982	the graduate	1967	OK
captain marvel	2019	spider-man: far from home	2019	OK
edge of tomorrow	2014	interstellar	2014	OK
chronicle	2012	whiplash	2014	NOT_OK
secret window	2004	the da vinci code	2006	OK
fast & furious 6	2013	furious 7	2015	OK
bruce almighty	2003	ghostbusters	1984	NOT_OK
avengers: infinity war	2018	star wars: the last jedi	2017	OK
batman	1989	the dark knight	2008	OK
finding dory	2016	minions	2015	OK
good time	2017	out of the furnace	2013	OK
aquaman	2018	joker	2019	OK
awakenings	1990	one flew over the cuckoo's nest	1975	OK
die hard	1988	live free or die hard	2007	OK
interstellar	2014	the martian	2015	OK
furious 7	2015	the fate of the furious	2017	OK
indiana jones and the last crusade	1989	raiders of the lost ark	1981	OK
beauty and the beast	2014	goodbye first love	2011	NOT_OK
road to perdition	2002	the godfather	1972	NOT_OK
godzilla	1998	godzilla	2014	OK
ashes and diamonds	1958	knife in the water	1962	NOT_OK
talk to her	2002	the motorcycle diaries	2004	NOT_OK
the hobbit: the desolation of smaug	2013	the lord of the rings: the fellowship of the ring	2001	OK
lock up	1989	the shawshank redemption	1994	OK
need for speed	2014	rush	2013	OK
amadeus	1984	gladiator	2000	NOT_OK
jumanji	1995	jumanji: welcome to the jungle	2017	OK
muppets most wanted	2014	rush	2013	NOT_OK
m	1931	the lives of others	2006	NOT_OK
captain america: the winter soldier	2014	guardians of the galaxy	2014	OK
pirates of the caribbean: at world's end	2007	titanic	1997	NOT_OK
annie hall	1977	manhattan	1979	OK
deadpool	2016	logan	2017	OK
double indemnity	1944	rear window	1954	OK
heaven's gate	1980	the great dictator	1940	NOT_OK
100 bloody acres	2012	1917	2019	NOT_OK
fort saganne	1984	the passion of joan of arc	1928	NOT_OK
loser	2000	the green mile	1999	NOT_OK
mission: impossible	1996	mission: impossible iii	2006	OK
american gigolo	1980	double indemnity	1944	OK
2001: a space odyssey	1968	star trek iv: the voyage home	1986	NOT_OK
all the money in the world	2017	the green mile	1999	NOT_OK
apocalypse now	1979	gone with the wind	1939	NOT_OK
hard eight	1996	the green mile	1999	NOT_OK
one flew over the cuckoo's nest	1975	the last detail	1973	OK
all quiet on the western front	1930	the blue max	1966	OK
moonlight	2016	the florida project	2017	OK
apocalypse now	1979	born on the fourth of july	1989	OK
avengers: endgame	2019	spider-man: far from home	2019	OK
bicycle thieves	1948	la notte	1961	OK
portrait of a lady on fire	2019	the diving bell and the butterfly	2007	NOT_OK
star wars: the force awakens	2015	star wars: the last jedi	2017	OK
beauty and the beast	2014	ernest & celestine	2012	NOT_OK
annie hall	1977	the apartment	1960	OK
star wars	1977	the empire strikes back	1980	OK
t2 trainspotting	2017	the grand budapest hotel	2014	NOT_OK
american pie	1999	american wedding	2003	OK
star wars	1977	star wars: the force awakens	2015	OK
arrietty	2010	spirited away	2001	OK
inspector gadget	1999	pocahontas	1995	OK
the book thief	2013	the pianist	2002	OK
metropolis	1927	woman in the moon	1929	OK
swordfish	2001	the da vinci code	2006	OK
violeta went to heaven	2011	wild tales	2014	NOT_OK
forgetting sarah marshall	2008	jumanji	1995	NOT_OK
kagemusha	1980	ran	1985	OK
2012	2009	man of steel	2013	OK
blade runner	1982	the matrix	1999	OK
ponyo	2008	spirited away	2001	OK
maps to the stars	2014	the hunt	2012	NOT_OK
amadeus	1984	forrest gump	1994	NOT_OK
batman & robin	1997	the dark knight rises	2012	OK
rocky	1976	rocky v	1990	OK
bohemian rhapsody	2018	green book	2018	OK
avengers: endgame	2019	captain marvel	2019	OK
2001: a space odyssey	1968	planet of the apes	1968	OK
joker	2019	watchmen	2009	OK
12 angry men	1957	deliverance	1972	NOT_OK
taxi driver	1976	the conversation	1974	OK
boyhood	2014	the hunt	2012	OK
the a-team	2010	twister	1996	OK
john wick	2014	terminator 3: rise of the machines	2003	OK
seven brides for seven brothers	1954	the blues brothers	1980	NOT_OK
annie hall	1977	being john malkovich	1999	NOT_OK
atomic blonde	2017	red sparrow	2018	OK
indiana jones and the kingdom of the crystal skull	2008	raiders of the lost ark	1981	OK
broken arrow	1996	top gun	1986	OK
mission: impossible	1996	the bourne legacy	2012	OK
double indemnity	1944	psycho	1960	OK
king kong	2005	pirates of the caribbean: the curse of the black pearl	2003	NOT_OK
12 years a slave	2013	her	2013	OK
the discreet charm of the bourgeoisie	1972	the rules of the game	1939	OK
ashes and diamonds	1958	water for elephants	2011	NOT_OK
iron man	2008	the avengers	2012	OK
interstellar	2014	the avengers	2012	NOT_OK
blade runner	1982	minority report	2002	NOT_OK
bohemian rhapsody	2018	the greatest showman	2017	OK
the conjuring 2	2016	us	2019	OK
rambo	2008	the expendables 2	2012	OK
the gold rush	1925	the pilgrim	1923	OK
blow	2001	it's a wonderful life	1946	NOT_OK
batman	1989	batman begins	2005	OK
aquaman	2018	black panther	2018	OK
armageddon	1998	hollow man	2000	OK
george of the jungle	1997	it's a wonderful life	1946	NOT_OK
drive	2011	nightcrawler	2014	OK
the lord of the rings: the two towers	2002	transformers	2007	NOT_OK
the circus	1928	the gold rush	1925	OK
bicycle thieves	1948	nights of cabiria	1957	OK
the hobbit: an unexpected journey	2012	the hobbit: the desolation of smaug	2013	OK
avengers: infinity war	2018	spider-man: far from home	2019	OK
the motorcycle diaries	2004	tie me up! tie me down!	1990	NOT_OK
all quiet on the western front	1930	the bridge at remagen	1969	OK
heaven can wait	1978	some like it hot	1959	NOT_OK
spartacus	1960	the great dictator	1940	NOT_OK
nightcrawler	2014	now you see me	2013	NOT_OK
terminator genisys	2015	the terminator	1984	OK
a girl walks home alone at night	2014	a separation	2011	NOT_OK
captain marvel	2019	the avengers	2012	OK
destiny	1921	metropolis	1927	NOT_OK
augustine	2012	portrait of a lady on fire	2019	OK
the exorcist	1973	vertigo	1958	OK
the birth of a nation	1915	the hessian renegades	1909	OK
captain america: civil war	2016	iron man	2008	OK
ted	2012	the lone ranger	2013	NOT_OK
incendies	2010	the kid with a bike	2011	OK
aquaman	2018	thor: ragnarok	2017	OK
12 angry men	1957	the asphalt jungle	1950	OK
hacksaw ridge	2016	jojo rabbit	2019	NOT_OK
star wars: the force awakens	2015	thor: the dark world	2013	OK
city lights	1931	the powerpuff girls movie	2002	NOT_OK
good time	2017	kin	2018	NOT_OK
star wars: the last jedi	2017	war for the planet of the apes	2017	NOT_OK
michael clayton	2007	the godfather	1972	NOT_OK
saving private ryan	1998	u-571	2000	OK
1917	2019	white sun	2016	NOT_OK
avatar	2009	district 9	2009	OK
dillinger	1973	the sting	1973	OK
beetlejuice	1988	scary movie 2	2001	NOT_OK
sinister	2012	the conjuring	2013	OK
talk to her	2002	wild tales	2014	NOT_OK
aliens	1986	cowboys & aliens	2011	OK
first reformed	2017	michael clayton	2007	NOT_OK
pulp fiction	1994	the truman show	1998	OK
pirates of the caribbean: the curse of the black pearl	2003	titanic	1997	NOT_OK
toy story 3	2010	toy story 4	2019	OK
amadeus	1984	gone with the wind	1939	NOT_OK
city lights	1931	dick	1999	NOT_OK
avengers: infinity war	2018	war for the planet of the apes	2017	NOT_OK
creed	2015	rocky	1976	OK
mission: impossible	1996	mission: impossible 2	2000	OK
toy story	1995	toy story 3	2010	OK
aquaman	2018	thor	2011	OK
logan	2017	x-men: days of future past	2014	OK
avengers: infinity war	2018	captain marvel	2019	OK
john wick	2014	knowing	2009	NOT_OK
the dark knight	2008	the dark knight rises	2012	OK
captain marvel	2019	star wars: the last jedi	2017	OK
king kong	2005	titanic	1997	NOT_OK
insomnia	2002	nightcrawler	2014	OK
drive	2011	the wolf of wall street	2013	NOT_OK
minions	2015	the lego movie	2014	OK
the last castle	2001	the shawshank redemption	1994	OK
children of men	2006	x-men: the last stand	2006	NOT_OK
1917	2019	the artist	2011	NOT_OK
batman	1989	batman & robin	1997	OK
pet sematary	2019	us	2019	OK
a prophet	2009	incendies	2010	NOT_OK
mary and max	2009	where the wild things are	2009	NOT_OK
rear window	1954	the conversation	1974	OK
inside man	2006	insomnia	2002	OK
forrest gump	1994	the curious case of benjamin button	2008	NOT_OK
apocalypse now	1979	platoon	1986	OK
2001: a space odyssey	1968	star trek: the motion picture	1979	OK
big fish	2003	pretty woman	1990	NOT_OK
american pie	1999	american pie 2	2001	OK
brokeback mountain	2005	sideways	2004	OK
avengers: endgame	2019	black panther	2018	OK
raging bull	1980	rocky	1976	OK
facing windows	2003	nights of cabiria	1957	NOT_OK
hansel & gretel: witch hunters	2013	the grand budapest hotel	2014	NOT_OK
avengers: endgame	2019	the avengers	2012	OK
inception	2010	watchmen	2009	OK
12 angry men	1957	primal fear	1996	OK
the apartment	1960	under the yum yum tree	1963	OK
deadpool	2016	x-men: days of future past	2014	OK
the lord of the rings: the return of the king	2003	transformers: revenge of the fallen	2009	NOT_OK
terminator 2: judgment day	1991	the terminator	1984	OK
toy story	1995	toy story 4	2019	OK
brokeback mountain	2005	titanic	1997	OK
life of pi	2012	the walk	2015	NOT_OK
dark skies	2013	us	2019	OK
forrest gump	1994	pretty woman	1990	NOT_OK
deep blue sea	1999	jaws	1975	OK
the greatest showman	2017	whiplash	2014	NOT_OK
casablanca	1942	dangerous moonlight	1941	OK
amores perros	2000	the headless woman	2008	OK
avengers: infinity war	2018	star wars: the force awakens	2015	OK
bright star	2009	life of pi	2012	NOT_OK
bohemian rhapsody	2018	straight outta compton	2015	OK
the conjuring	2013	the conjuring 2	2016	OK
logan	2017	x-men: apocalypse	2016	OK
rosemary's baby	1968	the exorcist	1973	OK
pocahontas	1995	the lone ranger	2013	NOT_OK
faust	1926	metropolis	1927	OK
dear john	2010	pocahontas	1995	NOT_OK
frozen	2013	shrek	2001	NOT_OK
pulp fiction	1994	the wolf of wall street	2013	NOT_OK
joker	2019	king arthur: legend of the sword	2017	NOT_OK
men in black	1997	men in black ii	2002	OK
ashes and diamonds	1958	blind chance	1987	OK
ben-hur	1959	gone with the wind	1939	NOT_OK
skyfall	2012	spectre	2015	OK
frozen	2013	wreck-it ralph	2012	NOT_OK
the lord of the rings: the fellowship of the ring	2001	the lord of the rings: the return of the king	2003	OK
aliens	1986	district 9	2009	OK
eternal sunshine of the spotless mind	2004	her	2013	OK
a streetcar named desire	1951	one flew over the cuckoo's nest	1975	NOT_OK
happy death day	2017	the lighthouse	2019	NOT_OK
beauty and the beast	2014	laurence anyways	2012	NOT_OK
the lord of the rings: the return of the king	2003	transformers	2007	NOT_OK
city of god	2002	city of men	2007	OK
die hard	1988	die hard with a vengeance	1995	OK
13 assassins	2010	ran	1985	OK
ace ventura: pet detective	1994	twister	1996	NOT_OK
arrival	2016	gravity	2013	OK
finding dory	2016	toy story 4	2019	OK
city of god	2002	elite squad: the enemy within	2010	OK
inglourious basterds	2009	the great escape	1963	OK
satan met a lady	1936	the maltese falcon	1941	OK
men in black	1997	men in black 3	2012	OK
cool hand luke	1967	the shawshank redemption	1994	OK
princess mononoke	1997	tales from earthsea	2006	OK
in the heat of the night	1967	touch of evil	1958	OK
enemy	2013	saw	2004	NOT_OK
double indemnity	1944	touch of evil	1958	OK
an officer and a gentleman	1982	top gun	1986	OK
armageddon	1998	battlefield earth	2000	OK
black panther	2018	jojo rabbit	2019	NOT_OK
all quiet on the western front	1930	platoon	1986	OK
children of men	2006	x-men: first class	2011	NOT_OK
star wars	1977	star wars: the last jedi	2017	OK
the maltese falcon	1941	touch of evil	1958	OK
after the wedding	2006	the hunt	2012	OK
blade runner 2049	2017	maze runner: the death cure	2018	OK
frenzy	1972	rear window	1954	OK
jaws	1975	poseidon	2006	OK
mary and max	2009	there's something about mary	1998	NOT_OK
jack ryan: shadow recruit	2014	red sparrow	2018	OK
after earth	2013	man of steel	2013	OK
anatomy	2000	m	1931	NOT_OK
beetlejuice	1988	the war of the roses	1989	OK
die hard	1988	the matrix	1999	NOT_OK
chinatown	1974	double indemnity	1944	OK
the blues brothers	1980	the brothers bloom	2008	OK
spider-man	2002	the amazing spider-man 2	2014	OK
a battle of wits	2006	hero	2002	OK
guardians of the galaxy	2014	thor: the dark world	2013	OK
brave	2012	frozen	2013	NOT_OK
green lantern	2011	man of steel	2013	OK
apocalypse now	1979	full metal jacket	1987	OK
the avengers	2012	thor: the dark world	2013	OK
ran	1985	seven samurai	1954	OK
back to the future	1985	back to the future part ii	1989	OK
inception	2010	the hunger games	2012	NOT_OK
godzilla	1998	jurassic park	1993	OK
avengers: endgame	2019	the lighthouse	2019	NOT_OK
casino royale	2006	spectre	2015	OK
spider-man	2002	spider-man 3	2007	OK
jumanji	1995	office space	1999	NOT_OK
iron man 3	2013	the hunger games	2012	NOT_OK
the exorcist	1973	the silence of the lambs	1991	OK
casino royale	2006	skyfall	2012	OK
hero	2002	the monkey king	2014	NOT_OK
fast five	2011	furious 7	2015	OK
bewitched	2005	brokeback mountain	2005	NOT_OK
paranormal activity	2007	the conjuring	2013	OK
curse of the golden flower	2006	hero	2002	OK
psycho	1960	psycho iii	1986	OK
back to the future	1985	scary movie 3	2003	NOT_OK
spider-man	2002	the amazing spider-man	2012	OK
jurassic park	1993	jurassic world: fallen kingdom	2018	OK
13 assassins	2010	seven samurai	1954	OK
mad max 2	1981	mad max: fury road	2015	OK
mission: impossible 2	2000	twister	1996	OK
howl's moving castle	2004	princess mononoke	1997	OK
guardians of the galaxy	2014	iron man	2008	OK
transformers	2007	transformers: revenge of the fallen	2009	OK
hansel & gretel: witch hunters	2013	it	2017	NOT_OK
the pianist	2002	valkyrie	2008	OK
quantum of solace	2008	spectre	2015	OK
saw	2004	saw ii	2005	OK
rambo	2008	the expendables	2010	OK
blade runner 2049	2017	the witch	2015	NOT_OK
bicycle thieves	1948	the double hour	2009	NOT_OK
the motorcycle diaries	2004	women on the verge of a nervous breakdown	1988	NOT_OK
saw	2004	saw iv	2007	OK
double indemnity	1944	vertigo	1958	OK
inside man	2006	jack reacher	2012	OK
avatar	2009	thor	2011	NOT_OK
taxi driver	1976	the silence of the lambs	1991	OK
goodfellas	1990	howards end	1992	NOT_OK
seven samurai	1954	ugetsu	1953	OK
entourage	2015	the grand budapest hotel	2014	NOT_OK
barbara	2012	the lives of others	2006	NOT_OK
guardians of the galaxy	2014	star wars: the force awakens	2015	OK
deadpool	2016	x-men: apocalypse	2016	OK
it's a wonderful life	1946	phenomenon	1996	NOT_OK
avatar	2009	star wars: the force awakens	2015	NOT_OK
chalet girl	2011	nights of cabiria	1957	NOT_OK
50/50	2011	the great dictator	1940	NOT_OK
a man called peter	1955	taxi driver	1976	NOT_OK
an american crime	2007	rush	2013	NOT_OK
horrible bosses 2	2014	tokyo story	1953	NOT_OK
children of men	2006	the sex monster	1999	NOT_OK
down missouri way	1946	titanic	1997	NOT_OK
the more the merrier	1943	thor: the dark world	2013	NOT_OK
criminally insane	1975	furious 7	2015	NOT_OK
joe dirt	2001	the graduate	1967	NOT_OK
are we there yet?	2005	die hard	1988	NOT_OK
k.g.f: chapter 1	2018	red sparrow	2018	NOT_OK
i got the hook-up	1998	some like it hot	1959	OK
hero	2002	under the skin	2013	NOT_OK
bicycle thieves	1948	the last circus	2010	NOT_OK
marked for death	1990	princess mononoke	1997	NOT_OK
on a clear day you can see forever	1970	twister	1996	NOT_OK
four sons	1928	spectre	2015	NOT_OK
back to the future	1985	what's your number?	2011	NOT_OK
godzilla	1998	home beyond the sun	2004	NOT_OK
some like it hot	1959	terminator: dark fate	2019	NOT_OK
make a wish	1937	pocahontas	1995	NOT_OK
apocalypse now	1979	once in a new moon	1935	NOT_OK
rocky	1976	the red shoes	1948	NOT_OK
a cinderella story	2004	call me by your name	2017	NOT_OK
method	2004	the lord of the rings: the return of the king	2003	NOT_OK
murder 3	2013	pretty woman	1990	NOT_OK
minions	2015	pooh's grand adventure: the search for christopher robin	1997	OK
princess mononoke	1997	the nice guys	2016	NOT_OK
dracula	1979	the apartment	1960	NOT_OK
2001: a space odyssey	1968	night of the demons 2	1994	NOT_OK
the lighthouse	2019	the slipper and the rose	1976	NOT_OK
dragon ball z: the return of cooler	1992	the lives of others	2006	NOT_OK
the ape man	1943	the passion of joan of arc	1928	NOT_OK
mission: impossible	1996	sunny	2008	NOT_OK
ashes and diamonds	1958	the howling: reborn	2011	NOT_OK
the lives of others	2006	the rhythm section	2020	NOT_OK
across 110th street	1972	spider-man: far from home	2019	NOT_OK
o	2001	the da vinci code	2006	NOT_OK
the aeronauts	2019	us	2019	NOT_OK
deadpool	2016	sissi	1955	NOT_OK
the hunger games	2012	tit for tat	1935	NOT_OK
ghostbusters	1984	the sky pilot	1921	NOT_OK
aliens	1986	king of the lost world	2005	NOT_OK
the people garden	2016	touch of evil	1958	NOT_OK
a bad moms christmas	2017	godzilla	1998	NOT_OK
indochine	1992	there will be blood	2007	NOT_OK
black panther	2018	the terminator	1984	NOT_OK
bicycle thieves	1948	piranha 3dd	2012	NOT_OK
freejack	1992	jojo rabbit	2019	NOT_OK
father of the bride part ii	1995	interstellar	2014	NOT_OK
porky's ii: the next day	1983	rocky	1976	NOT_OK
black panther	2018	judge dredd	1995	NOT_OK
sabrina	1995	star wars	1977	NOT_OK
the birth of a nation	1915	village of the damned	1995	NOT_OK
housekeeping	1987	us	2019	NOT_OK
american reunion	2012	first reformed	2017	NOT_OK
atlantis: the lost empire	2001	furious 7	2015	NOT_OK
her	2013	verboten!	1959	NOT_OK
a jewish girl in shanghai	2010	transformers	2007	NOT_OK
interstellar	2014	murder ahoy!	1964	NOT_OK
jurassic park	1993	the human centipede	2009	NOT_OK
it happened at the world's fair	1963	men in black	1997	NOT_OK
saving private ryan	1998	where the red fern grows	1974	NOT_OK
heartstopper	2006	the conjuring	2013	OK
amores perros	2000	buddy goes west	1981	NOT_OK
11-11-11	2011	minions	2015	NOT_OK
m	1931	sister act	1992	NOT_OK
restoration	2011	the grand budapest hotel	2014	NOT_OK
beauty and the beast	2014	hamilton	2006	NOT_OK
a separation	2011	state and main	2000	NOT_OK
born into brothels	2004	the shawshank redemption	1994	NOT_OK
dazed and confused	1993	despicable me	2010	NOT_OK
inception	2010	tears in the rain	1988	NOT_OK
gloria	1980	good time	2017	NOT_OK
fairy tail: dragon cry	2017	the lives of others	2006	NOT_OK
conan the barbarian	1982	wild tales	2014	NOT_OK
beauty and the beast	2014	phantom punch	2008	NOT_OK
inside man	2006	the rising of the moon	1957	NOT_OK
captain kidd and the slave girl	1954	the conjuring	2013	NOT_OK
love for sale	2008	portrait of a lady on fire	2019	NOT_OK
dil dhadakne do	2015	green book	2018	NOT_OK
freeway ii: confessions of a trickbaby	1999	the green mile	1999	NOT_OK
it's a wonderful life	1946	mister roberts	1955	NOT_OK
angel on my shoulder	1946	furious 7	2015	NOT_OK
1921	1988	the great dictator	1940	NOT_OK
mad max 2	1981	the dress	1996	NOT_OK
the da vinci code	2006	tim	1979	NOT_OK
rosemary's baby	1968	the pay-off	1930	NOT_OK
aadu puli	2011	it	2017	NOT_OK
bohemian rhapsody	2018	leprechaun 3	1995	NOT_OK
student bodies	1981	the da vinci code	2006	NOT_OK
crazy mama	1975	mad max 2	1981	NOT_OK
avengers: infinity war	2018	sex and the single girl	1964	NOT_OK
pardners	1956	the dark knight rises	2012	NOT_OK
life of pi	2012	someone's knocking at the door	2009	NOT_OK
aliens vs. predator: requiem	2007	beetlejuice	1988	NOT_OK
life of pi	2012	paper moon	1973	NOT_OK
impact	1963	the hunt	2012	OK
joker	2019	the skulls ii	2002	NOT_OK
coast of skeletons	1965	jaws	1975	NOT_OK
joker	2019	jump tomorrow	2001	NOT_OK
ace ventura: when nature calls	1995	puppet master iii: toulon's revenge	1991	NOT_OK
hideaways	2011	rush	2013	NOT_OK
drowned out	2002	man of steel	2013	NOT_OK
arike	2012	the pianist	2002	NOT_OK
on the other hand, death	2008	the motorcycle diaries	2004	NOT_OK
armageddon	1998	paranormal activity: the marked ones	2014	OK
sharp shooter	2015	the grand budapest hotel	2014	NOT_OK
raiders of the lost ark	1981	three to tango	1999	NOT_OK
seven samurai	1954	the keys of the kingdom	1944	OK
beneath the 12-mile reef	1953	parasite	2019	NOT_OK
all quiet on the western front	1930	continental divide	1981	NOT_OK
avatar	2009	the boost	1988	NOT_OK
going bye-bye!	1934	ted	2012	NOT_OK
saving private ryan	1998	the bamboo blonde	1946	NOT_OK
american sniper	2014	the grand budapest hotel	2014	NOT_OK
gone with the wind	1939	mr. right	2015	NOT_OK
executive action	1973	the gold rush	1925	NOT_OK
miss gold digger	2007	the motorcycle diaries	2004	NOT_OK
shampoo	1975	us	2019	NOT_OK
a lion is in the streets	1953	drive	2011	NOT_OK
50 first dates	2004	children of men	2006	NOT_OK
captain marvel	2019	max havoc: ring of fire	2006	NOT_OK
a company man	2012	pirates of the caribbean: the curse of the black pearl	2003	NOT_OK
crazy six	1998	the florida project	2017	NOT_OK
amadeus	1984	cesar's last fast	2014	NOT_OK
first reformed	2017	the power	1984	NOT_OK
the exorcist	1973	your friends & neighbors	1998	NOT_OK
apocalypse now	1979	something new	2006	NOT_OK
pirates of the caribbean: the curse of the black pearl	2003	plot for peace	2013	NOT_OK
death wish v: the face of death	1994	the graduate	1967	NOT_OK
batman	1989	the silence of the lambs	1991	NOT_OK
1917	2019	fast five	2011	NOT_OK
baghead	2008	there will be blood	2007	NOT_OK
patiala house	2011	the godfather	1972	NOT_OK
ashes and diamonds	1958	bread and tulips	2000	NOT_OK
the lighthouse	2019	tormented	2009	NOT_OK
heat	1995	the birth of a nation	1915	NOT_OK
green zone	2010	the rules of the game	1939	NOT_OK
call me by your name	2017	joy ride	2001	NOT_OK
city of god	2002	hydra	2009	NOT_OK
die hard	1988	the sense of wonder	2015	NOT_OK
the philadelphia story	1940	the pianist	2002	NOT_OK
chasing the dragon ii: wild wild bunch	2019	jaws	1975	NOT_OK
bohemian rhapsody	2018	high fidelity	2000	OK
a separation	2011	love & basketball	2000	NOT_OK
foxbat	1977	wild tales	2014	NOT_OK
keep an eye out	2018	rear window	1954	NOT_OK
hidden	2015	men in black	1997	NOT_OK
a knight's tale	2001	amadeus	1984	NOT_OK
one flew over the cuckoo's nest	1975	the life of emile zola	1937	NOT_OK
brokeback mountain	2005	getaway	2013	NOT_OK
bank alarm	1937	raiders of the lost ark	1981	NOT_OK
and soon the darkness	2010	avatar	2009	NOT_OK
diary of the dead	2007	man of steel	2013	NOT_OK
1917	2019	the scout	1994	NOT_OK
the green mile	1999	the killing of a chinese bookie	1976	NOT_OK
logan	2017	tees maar khan	2010	NOT_OK
jurassic park	1993	the killer elite	1975	NOT_OK
the motorcycle diaries	2004	where the wild things are	2009	NOT_OK
beauty and the beast	2014	the last legion	2007	NOT_OK
aquaman	2018	balto	1995	NOT_OK
back to the future	1985	our house	2018	NOT_OK
tehilim	2007	top gun	1986	NOT_OK
her	2013	quartet	1981	NOT_OK
aliens	1986	calendar girl	1947	NOT_OK
transformers	2007	wing commander	1999	NOT_OK
celtic pride	1996	top gun	1986	NOT_OK
psycho	1960	the warning	2015	OK
princess mononoke	1997	silent night, deadly night 5: the toy maker	1991	NOT_OK
a father's choice	2000	gravity	2013	NOT_OK
batman	1989	the day of the locust	1975	NOT_OK
prince avalanche	2013	rambo	2008	NOT_OK
dilim	2014	the sting	1973	NOT_OK
in good company	2004	red sparrow	2018	NOT_OK
birth	2004	drive	2011	NOT_OK
darkness falls	2003	ghostbusters	1984	NOT_OK
i'll always know what you did last summer	2006	life of pi	2012	NOT_OK
ran	1985	the messenger: the story of joan of arc	1999	NOT_OK
the spirit	2008	toy story	1995	NOT_OK
socket	2007	taxi driver	1976	NOT_OK
aquaman	2018	control	2007	NOT_OK
1917	2019	the devil's candy	2015	NOT_OK
marrowbone	2017	spider-man	2002	NOT_OK
2001: a space odyssey	1968	pippi longstocking	1969	NOT_OK
spirited away	2001	the wheeler dealers	1963	NOT_OK
presto	2008	toy story	1995	OK
a little bit of heaven	2011	city lights	1931	NOT_OK
death in love	2008	the rules of the game	1939	NOT_OK
casablanca	1942	ragini mms	2011	NOT_OK
corridors of blood	1958	inglourious basterds	2009	NOT_OK
curse of the komodo	2004	the terminator	1984	OK
northwest passage	1940	spirited away	2001	NOT_OK
the bodyguard	2004	the great dictator	1940	NOT_OK
dhoom	2004	goodfellas	1990	NOT_OK
annie hall	1977	the young and prodigious t.s. spivet	2013	NOT_OK
spider-man	2002	the impossible kid	1982	NOT_OK
casablanca	1942	thor: the dark world	2013	NOT_OK
forrest gump	1994	let it ride	1989	NOT_OK
frozen	2013	jasper, texas	2003	NOT_OK
blade runner 2049	2017	book club	2018	NOT_OK
killers from space	1954	the hobbit: the desolation of smaug	2013	NOT_OK
stepmom	1998	there will be blood	2007	NOT_OK
back to the future	1985	broadway danny rose	1984	NOT_OK
black panther	2018	the girl next door	2004	NOT_OK
flicka	2006	winter sleep	2014	NOT_OK
brokeback mountain	2005	we are what we are	2010	NOT_OK
daddy's home	2015	pulp fiction	1994	NOT_OK
double indemnity	1944	the gamers: dorkness rising	2008	NOT_OK
guardians of the galaxy	2014	the young master	1980	NOT_OK
the rules of the game	1939	the secret of the grain	2007	NOT_OK
the maltese falcon	1941	the tribes of palos verdes	2017	NOT_OK
batman	1989	partners	2009	NOT_OK
green book	2018	gundamma katha	1962	NOT_OK
ace ventura: when nature calls	1995	killer movie	2008	NOT_OK
inside man	2006	swingers	1996	NOT_OK
it	2017	it happened one night	1934	NOT_OK
m	1931	the devil's 8	1969	NOT_OK
curdled	1996	despicable me	2010	NOT_OK
jojo rabbit	2019	mind the gap	2004	NOT_OK
malibu's most wanted	2003	metropolis	1927	NOT_OK
impact	1949	one flew over the cuckoo's nest	1975	NOT_OK
secret in their eyes	2015	star wars	1977	NOT_OK
iron man	2008	me and orson welles	2008	NOT_OK
apocalypse now	1979	intermedio	2005	NOT_OK
the dark knight rises	2012	the limits of control	2009	NOT_OK
first action hero	1994	rambo	2008	NOT_OK
space raiders	1983	the lord of the rings: the return of the king	2003	NOT_OK
scooby-doo! and the curse of the 13th ghost	2019	star wars: the force awakens	2015	NOT_OK
children of men	2006	shoulder arms	1918	NOT_OK
rambo	2008	taps	1981	OK
beyond the valley of the dolls	1970	pirates of the caribbean: the curse of the black pearl	2003	NOT_OK
i confess	1953	inglourious basterds	2009	NOT_OK
collateral damage	2002	thor: the dark world	2013	NOT_OK
gilda	1946	pretty woman	1990	OK
die hard	1988	little darlings	1980	NOT_OK
rocky	1976	swimming with sharks	1994	NOT_OK
guardians of the galaxy	2014	the frighteners	1996	NOT_OK
john wick	2014	rain	1932	NOT_OK
daybreak	1993	inglourious basterds	2009	NOT_OK
a girl named tamiko	1962	avengers: infinity war	2018	NOT_OK
american pie	1999	shree 420	1955	NOT_OK
bridge to terabithia	2007	inception	2010	NOT_OK
love with the proper stranger	1963	the sting	1973	NOT_OK
mimic 2	2001	saw	2004	OK
saw	2004	stuck between stations	2011	NOT_OK
armageddon	1998	dr. alien	1989	OK
black dragons	1942	the exorcist	1973	NOT_OK
hotel	2001	jurassic park	1993	NOT_OK
sleepaway camp	1983	the terminator	1984	NOT_OK
barking dogs never bite	2000	logan	2017	NOT_OK
bleeding steel	2017	jumanji	1995	NOT_OK
metropolis	1927	the hobbit: the desolation of smaug	2013	NOT_OK
ride the wild surf	1964	skyfall	2012	NOT_OK
gringo	2018	taxi driver	1976	OK
my brilliant life	2014	the lighthouse	2019	NOT_OK
roads to koktebel	2003	toy story 4	2019	NOT_OK
american warships	2012	city lights	1931	NOT_OK
iron man	2008	the visit	1964	NOT_OK
minions	2015	the catered affair	1956	NOT_OK
diary of a nymphomaniac	2008	the shawshank redemption	1994	NOT_OK
the green mile	1999	zontar, the thing from venus	1966	NOT_OK
austenland	2013	gone with the wind	1939	NOT_OK
the avengers	2012	the hangover part ii	2011	NOT_OK
12 angry men	1957	hiding out	1987	OK
five graves to cairo	1943	skyfall	2012	NOT_OK
annie hall	1977	sally	1929	OK
tolkien	2019	twister	1996	NOT_OK
pretty woman	1990	the lighthouse	2019	NOT_OK
anesthesia	2015	the hunt	2012	OK
man of steel	2013	the mummy returns	2001	OK
gone with the wind	1939	the walking stick	1970	NOT_OK
12 angry men	1957	summer 1993	2017	NOT_OK
brokeback mountain	2005	the explosive generation	1961	NOT_OK
beetlejuice	1988	my week with marilyn	2011	NOT_OK
fighting	2009	toy story	1995	NOT_OK
city of god	2002	irrational man	2015	NOT_OK
mary and max	2009	the initiation of sarah	2006	NOT_OK
bee season	2005	parasite	2019	NOT_OK
john wick	2014	welcome to the rileys	2010	NOT_OK
aquaman	2018	generation p	2011	NOT_OK
marmaduke	2010	metropolis	1927	NOT_OK
call me by your name	2017	one step	2017	NOT_OK
crazy/beautiful	2001	good time	2017	NOT_OK
the town that dreaded sundown	2014	titanic	1997	NOT_OK
one flew over the cuckoo's nest	1975	spider-man: homecoming	2017	NOT_OK
angus, thongs and perfect snogging	2008	skyfall	2012	NOT_OK
the thief	1997	war for the planet of the apes	2017	NOT_OK
ace ventura: when nature calls	1995	sinbad and the eye of the tiger	1977	NOT_OK
american pie	1999	police academy: mission to moscow	1994	OK
jewel robbery	1932	the gold rush	1925	NOT_OK
psycho	1960	the atomic kid	1954	NOT_OK
the birth of a nation	1915	theeya velai seiyyanum kumaru	2013	NOT_OK
alien 3	1992	frozen	2013	NOT_OK
10 things i hate about you	1999	the hunt	2012	NOT_OK
captain marvel	2019	the international	2009	NOT_OK
brice de nice	2005	whiplash	2014	NOT_OK
american pie	1999	the keeping room	2014	NOT_OK
sparkle	2012	toy story 4	2019	NOT_OK
guardians of the galaxy	2014	the slender thread	1965	NOT_OK
the conjuring	2013	welcome to the jungle	2013	NOT_OK
casablanca	1942	life blood	2009	NOT_OK
the empire strikes back	1980	thor: the dark world	2013	OK
amores perros	2000	mob queen	1998	NOT_OK
no one would tell	2018	pulp fiction	1994	NOT_OK
blade runner	1982	the expendables 2	2012	NOT_OK
blade runner	1982	the kingdom	2007	NOT_OK
bundle of joy	1956	war for the planet of the apes	2017	NOT_OK
amores perros	2000	k-9	1989	NOT_OK
closer	2004	raiders of the lost ark	1981	NOT_OK
despicable me	2010	my favorite year	1982	NOT_OK
barbie: a fairy secret	2011	nightcrawler	2014	NOT_OK
lost and found	2008	ted	2012	NOT_OK
deadpool	2016	micmacs	2009	NOT_OK
smurfs: the lost village	2017	wild tales	2014	NOT_OK
crime and punishment in suburbia	2000	rear window	1954	NOT_OK
lost horizon	1973	titanic	1997	NOT_OK
blue valley songbird	1999	ghostbusters	1984	NOT_OK
bride wars	2009	ran	1985	NOT_OK
a separation	2011	blade runner 2049	2017	NOT_OK
armageddon	1998	hotel rwanda	2004	NOT_OK
good time	2017	win win	2011	OK
ashes and diamonds	1958	you'll never get rich	1941	NOT_OK
king of beggars	1992	star wars	1977	NOT_OK
accident man	2018	the lord of the rings: the return of the king	2003	NOT_OK
cuba crossing	1980	the blues brothers	1980	NOT_OK
iron man	2008	turnabout	1940	NOT_OK
city lights	1931	the wrong move	1975	NOT_OK
pocahontas	1995	scandal sheet	1985	NOT_OK
tokyo drifter	1966	top gun	1986	NOT_OK
the maltese falcon	1941	white chicks	2004	NOT_OK
himala	1982	spider-man: far from home	2019	NOT_OK
captain marvel	2019	fire song	2015	NOT_OK
olympus has fallen	2013	spider-man	2002	NOT_OK
mad max 2	1981	thomas and the magic railroad	2000	NOT_OK
godzilla	1998	the stoning of soraya m.	2008	NOT_OK
darkest hour	2017	the hunger games	2012	NOT_OK
cold in july	2014	seven samurai	1954	NOT_OK
psycho	1960	rose marie	1936	NOT_OK
forrest gump	1994	the rains came	1939	NOT_OK
electra glide in blue	1973	nightcrawler	2014	OK
a matter of time	1976	whiplash	2014	NOT_OK
spider-man: far from home	2019	the boy with green hair	1948	NOT_OK
spirited away	2001	the house across the bay	1940	NOT_OK
marat/sade	1967	the passion of joan of arc	1928	OK
avengers: infinity war	2018	hickey & boggs	1972	NOT_OK
excalibur	1981	winter sleep	2014	NOT_OK
2001: a space odyssey	1968	the stupids	1996	NOT_OK
it	2017	song to song	2017	NOT_OK
double indemnity	1944	the sword and the sorcerer	1982	NOT_OK
23rd march 1931: shaheed	2002	a separation	2011	NOT_OK
like dandelion dust	2009	the hobbit: the desolation of smaug	2013	NOT_OK
nights of cabiria	1957	scaregivers	2008	NOT_OK
ran	1985	stepfather ii	1989	NOT_OK
aarakshan	2011	deadpool	2016	NOT_OK
mary and max	2009	the dark tower	2017	NOT_OK
dragon ball z: wrath of the dragon	1995	the dark knight rises	2012	NOT_OK
strange brew	1983	toy story 4	2019	NOT_OK
merry andrew	1958	spectre	2015	NOT_OK
logan	2017	mulan ii	2004	NOT_OK
the pianist	2002	they call it sin	1932	NOT_OK
blade runner	1982	vice versa	1988	NOT_OK
the gold rush	1925	wishmaster	1997	NOT_OK
the godfather	1972	the remains of the day	1993	NOT_OK
bohemian rhapsody	2018	lost city raiders	2008	NOT_OK
cyrano de bergerac	1950	vertigo	1958	NOT_OK
the master of ballantrae	1953	whiplash	2014	NOT_OK
jewel robbery	1932	rush	2013	NOT_OK
first love	1977	touch of evil	1958	NOT_OK
final draft	2007	star wars: the force awakens	2015	NOT_OK
casual sex?	1988	the godfather	1972	NOT_OK
like mike	2002	the avengers	2012	NOT_OK
all quiet on the western front	1930	don't be afraid of the dark	2010	NOT_OK
hero	2002	identity unknown	1945	NOT_OK
college road trip	2008	spectre	2015	NOT_OK
black panther	2018	transit	2013	NOT_OK
edward and caroline	1951	nightcrawler	2014	NOT_OK
the avengers	2012	traitor	2008	NOT_OK
a hole in the head	1959	mission: impossible	1996	NOT_OK
amadeus	1984	revenge of the green dragons	2014	NOT_OK
ticked-off trannies with knives	2010	twister	1996	NOT_OK
mary poppins	1964	star wars: the force awakens	2015	NOT_OK
aliens	1986	it felt like love	2013	NOT_OK
rosemary's baby	1968	where does it hurt?	1972	NOT_OK
annie hall	1977	bad influence	1990	NOT_OK
nights of cabiria	1957	to sir, with love	1967	NOT_OK
sudden death	1995	war for the planet of the apes	2017	NOT_OK
inception	2010	wolves	2014	NOT_OK
john wick	2014	scarlet street	1945	NOT_OK
12 angry men	1957	kung fu panda 2	2011	NOT_OK
double indemnity	1944	you can't hurry love	1988	NOT_OK
portrait of a lady on fire	2019	the salt of life	2011	NOT_OK
butch cassidy and the sundance kid	1969	the hunger games	2012	NOT_OK
pyaar ka punchnama	2011	transformers	2007	NOT_OK
bullet boy	2004	pulp fiction	1994	NOT_OK
austin powers in goldmember	2002	rosemary's baby	1968	NOT_OK
gravity	2013	warm bodies	2013	NOT_OK
ted	2012	welcome to the rileys	2010	NOT_OK
the blues brothers	1980	the disappearance of eleanor rigby	2013	NOT_OK
saw	2004	the bye bye man	2017	OK
ace ventura: when nature calls	1995	spy hard	1996	OK
avengers: infinity war	2018	thor: ragnarok	2017	OK
edge of tomorrow	2014	gravity	2013	OK
the hunt	2012	winged creatures	2008	OK
inception	2010	the hunger games: catching fire	2013	NOT_OK
first reformed	2017	miss sloane	2016	OK
tokyo story	1953	ugetsu	1953	OK
aliens	1986	the terminator	1984	OK
armageddon	1998	virus	1999	NOT_OK
saw	2004	toolbox murders	2004	OK
shazam!	2019	spider-man: far from home	2019	OK
back to the future	1985	shrek	2001	NOT_OK
spies like us	1985	top gun	1986	NOT_OK
good time	2017	the neon demon	2016	NOT_OK
lady bird	2017	the florida project	2017	NOT_OK
escape from new york	1981	mad max 2	1981	OK
life of pi	2012	the way	2010	OK
jurassic world	2015	minions	2015	NOT_OK
analyze this	1999	the green mile	1999	NOT_OK
freezer	2014	john wick	2014	OK
blade runner 2049	2017	damascus cover	2017	NOT_OK
ghostbusters	1984	the evil dead	1981	NOT_OK
it's a wonderful life	1946	singin' in the rain	1952	OK
april and the extraordinary world	2015	beauty and the beast	2014	OK
sex, lies, and videotape	1989	the graduate	1967	OK
man of steel	2013	riddick	2013	OK
psycho	1960	vertigo	1958	OK
iron man	2008	star trek	2009	OK
bullitt	1968	the sting	1973	OK
fantastic beasts and where to find them	2016	the hobbit: the desolation of smaug	2013	OK
quinceañera	2006	the motorcycle diaries	2004	NOT_OK
lean on pete	2017	the florida project	2017	OK
1917	2019	iceman	2017	OK
aliens	1986	blade runner	1982	OK
one flew over the cuckoo's nest	1975	the sting	1973	OK
star trek vi: the undiscovered country	1991	the terminator	1984	OK
double indemnity	1944	the maltese falcon	1941	OK
addams family values	1993	beetlejuice	1988	OK
raiders of the lost ark	1981	the terminator	1984	OK
bohemian rhapsody	2018	florence foster jenkins	2016	OK
minions	2015	the swan princess: a royal family tale	2014	NOT_OK
spider-man: far from home	2019	toy story 4	2019	OK
gravity	2013	guardians of the galaxy	2014	OK
raiders of the lost ark	1981	star trek iv: the voyage home	1986	NOT_OK
charlie's angels	2019	joker	2019	NOT_OK
dawn of the planet of the apes	2014	logan	2017	OK
ted	2012	zero charisma	2013	NOT_OK
the exorcist	1973	the haunting	1963	OK
singin' in the rain	1952	some like it hot	1959	OK
double indemnity	1944	the godfather	1972	NOT_OK
million dollar baby	2004	there will be blood	2007	NOT_OK
bohemian rhapsody	2018	high strung	2016	NOT_OK
gravity	2013	thor: the dark world	2013	NOT_OK
avengers: endgame	2019	avengers: infinity war	2018	OK
mission: impossible	1996	ronin	1998	OK
armageddon	1998	godzilla	1998	NOT_OK
armageddon	1998	sphere	1998	NOT_OK
nights of cabiria	1957	the roof	1956	OK
star trek iv: the voyage home	1986	the terminator	1984	OK
top gun	1986	under siege	1992	OK
pirates of the caribbean: the curse of the black pearl	2003	x-men	2000	NOT_OK
star trek into darkness	2013	the avengers	2012	OK
american pie	1999	stuck in the suburbs	2004	OK
dark waters	2019	joker	2019	OK
city lights	1931	the unfinished dance	1947	OK
aliens	1986	platoon	1986	OK
blade runner	1982	mad max	1979	OK
star trek iv: the voyage home	1986	star wars	1977	OK
nights of cabiria	1957	story of a love affair	1950	OK
frenzy	1972	touch of evil	1958	OK
men in black	1997	star trek iv: the voyage home	1986	NOT_OK
il bidone	1955	nights of cabiria	1957	OK
enough said	2013	her	2013	OK
get out	2017	the florida project	2017	NOT_OK
black panther	2018	star wars: the force awakens	2015	NOT_OK
gravity	2013	pacific rim	2013	OK
all quiet on the western front	1930	julia	1977	OK
ben-hur	1959	it's a wonderful life	1946	NOT_OK
all quiet on the western front	1930	the best years of our lives	1946	OK
aladdin	1992	pocahontas	1995	OK
midnight cowboy	1969	rocky	1976	NOT_OK
pulp fiction	1994	the godfather	1972	OK
citizen kane	1941	gone with the wind	1939	OK
sully	2016	war for the planet of the apes	2017	OK
badlands	1973	vertigo	1958	NOT_OK
skyfall	2012	the revenant	2015	NOT_OK
no tears for the dead	2014	parasite	2019	NOT_OK
pulp fiction	1994	the silence of the lambs	1991	OK
despicable me	2010	the powerpuff girls movie	2002	OK
fargo	1996	taxi driver	1976	NOT_OK
barton fink	1991	twister	1996	NOT_OK
aquaman	2018	dark phoenix	2019	OK
annihilation	2018	it	2017	OK
mission: impossible	1996	the phantom	1996	NOT_OK
nowhere in africa	2001	the pianist	2002	OK
nights of cabiria	1957	the hawks and the sparrows	1966	OK
a streetcar named desire	1951	rosemary's baby	1968	OK
princess mononoke	1997	ran	1985	OK
gravity	2013	the avengers	2012	OK
butterfield 8	1960	city lights	1931	NOT_OK
dheepan	2015	life of pi	2012	OK
beavis and butt-head do america	1996	twister	1996	NOT_OK
back to the future	1985	monsters, inc.	2001	NOT_OK
it's a wonderful life	1946	the princess bride	1987	OK
ant-man and the wasp	2018	spider-man: far from home	2019	OK
green book	2018	the theory of everything	2014	OK
deadpool	2016	guardians of the galaxy	2014	OK
meet the parents	2000	ted	2012	OK
pretty woman	1990	staying alive	1983	OK
hero	2002	the warlords	2007	OK
black panther	2018	isle of dogs	2018	NOT_OK
the addams family	2019	us	2019	NOT_OK
badlands	1973	one flew over the cuckoo's nest	1975	OK
the shawshank redemption	1994	the usual suspects	1995	OK
the lord of the rings: the two towers	2002	titanic	1997	NOT_OK
annie hall	1977	deliverance	1972	NOT_OK
all-star superman	2011	thor: the dark world	2013	OK
beauty and the beast	2014	phantom boy	2015	NOT_OK
fargo	1996	the shawshank redemption	1994	NOT_OK
psycho	1960	to kill a mockingbird	1962	OK
office space	1999	spider-man	2002	NOT_OK
pocahontas	1995	the black hole	1979	NOT_OK
kill list	2011	nightcrawler	2014	OK
iron man	2008	star trek into darkness	2013	OK
early summer	1951	tokyo story	1953	OK
armageddon	1998	rambo	2008	OK
godzilla	1998	the fifth element	1997	OK
partie de campagne	1946	the rules of the game	1939	OK
cast no shadow	2014	the hunt	2012	OK
the blues brothers	1980	yogi's first christmas	1980	NOT_OK
how to train your dragon 2	2014	man of steel	2013	OK
enemy of the state	1998	inside man	2006	OK
beetlejuice	1988	rain man	1988	OK
inglourious basterds	2009	life of pi	2012	NOT_OK
chéri	2009	mary and max	2009	OK
the hobbit: the desolation of smaug	2013	the martian	2015	OK
free willy	1993	the blues brothers	1980	NOT_OK
ghostbusters	1984	the return of the living dead	1985	NOT_OK
interstellar	2014	star wars: the force awakens	2015	OK
interstellar	2014	mad max: fury road	2015	OK
little men	2016	the florida project	2017	OK
atonement	2007	there will be blood	2007	OK
despicable me	2010	the lego movie	2014	OK
batman	1989	the last starfighter	1984	OK
ghostbusters	1984	gremlins	1984	OK
citizen kane	1941	psycho	1960	OK
double indemnity	1944	gone with the wind	1939	NOT_OK
black hawk down	2001	saving private ryan	1998	OK
captain america: the winter soldier	2014	the dark knight rises	2012	OK
the mark of zorro	1920	the passion of joan of arc	1928	NOT_OK
the conjuring	2013	the house of the devil	2009	OK
ashes and diamonds	1958	life feels good	2013	NOT_OK
a streetcar named desire	1951	gone with the wind	1939	OK
a town called panic	2009	beauty and the beast	2014	NOT_OK
gone with the wind	1939	spartacus	1960	OK
jaws	1975	star trek vi: the undiscovered country	1991	NOT_OK
five day lover	1961	the rules of the game	1939	OK
bohemian rhapsody	2018	echo in the canyon	2018	OK
american pie	1999	go figure	2005	NOT_OK
a bronx tale	1993	pulp fiction	1994	NOT_OK
rosemary's baby	1968	the apartment	1960	NOT_OK
land of the dead	2005	the da vinci code	2006	NOT_OK
children of men	2006	district 9	2009	OK
how to train your dragon 2	2014	the hobbit: the desolation of smaug	2013	NOT_OK
husbands and wives	1992	pretty woman	1990	NOT_OK
the da vinci code	2006	wolf creek	2005	NOT_OK
escape plan 2: hades	2018	red sparrow	2018	OK
captain america: civil war	2016	gravity	2013	NOT_OK
city lights	1931	wild boys of the road	1933	OK
bridge of spies	2015	saving private ryan	1998	OK
a clockwork orange	1971	taxi driver	1976	OK
fatty and mabel adrift	1916	the gold rush	1925	OK
life of pi	2012	munich	2005	NOT_OK
gladiator	2000	titanic	1997	NOT_OK
deadpool	2016	mad max: fury road	2015	OK
nelly	2016	portrait of a lady on fire	2019	OK
jurassic park	1993	robocop	1987	OK
2001: a space odyssey	1968	aliens	1986	OK
bloodsport	1988	top gun	1986	NOT_OK
mary reilly	1996	the green mile	1999	NOT_OK
batman & mr. freeze: subzero	1998	men in black	1997	OK
godzilla	1998	militia	2000	NOT_OK
frozen	2013	year one	2009	NOT_OK
gremlins	1984	jurassic park	1993	OK
children of men	2006	the descent	2005	NOT_OK
pacific rim	2013	the hunger games	2012	OK
rear window	1954	shadow of a doubt	1943	OK
batman	1989	star trek iv: the voyage home	1986	OK
polaroid	2019	us	2019	OK
m	1931	the indian scarf	1963	OK
her	2013	the wolf of wall street	2013	NOT_OK
aquaman	2018	avengers grimm: time wars	2018	NOT_OK
amores perros	2000	sound of the sea	2001	NOT_OK
black panther	2018	the martian	2015	OK
2001: a space odyssey	1968	the terminator	1984	NOT_OK
rocky	1976	the last detail	1973	OK
avatar	2009	hellboy ii: the golden army	2008	OK
gravity	2013	star wars: the force awakens	2015	NOT_OK
amadeus	1984	the unbearable lightness of being	1988	OK
spectre	2015	star wars: the last jedi	2017	OK
city lights	1931	modern times	1936	OK
jumanji	1995	spider-man	2002	OK
a streetcar named desire	1951	rear window	1954	OK
inglourious basterds	2009	no man's land	2001	NOT_OK
aquaman	2018	first man	2018	NOT_OK
black panther	2018	kong: skull island	2017	NOT_OK
children of divorce	1927	the gold rush	1925	NOT_OK
i spit on your grave: deja vu	2019	the lighthouse	2019	NOT_OK
inception	2010	pacific rim	2013	NOT_OK
green room	2015	nightcrawler	2014	NOT_OK
men in black	1997	star trek: insurrection	1998	NOT_OK
pirates of the caribbean: the curse of the black pearl	2003	terminator 3: rise of the machines	2003	NOT_OK
chocolat	2000	life of pi	2012	NOT_OK
annie hall	1977	the graduate	1967	OK
the theory of everything	2014	whiplash	2014	OK
alice in wonderland	2010	frozen	2013	NOT_OK
the lord of the rings: the return of the king	2003	titanic	1997	NOT_OK
the big sick	2017	the florida project	2017	NOT_OK
apocalypse now	1979	spartacus	1960	NOT_OK
jurassic park	1993	mad max 2	1981	OK
five easy pieces	1970	rosemary's baby	1968	NOT_OK
beetlejuice	1988	what's eating gilbert grape	1993	OK
kong: skull island	2017	war for the planet of the apes	2017	OK
the lives of others	2006	the white ribbon	2009	OK
it's a wonderful life	1946	the wizard of oz	1939	OK
men in black	1997	star trek: first contact	1996	OK
i am legend	2007	pirates of the caribbean: the curse of the black pearl	2003	OK
anna karenina	2012	the grand budapest hotel	2014	NOT_OK
hellboy	2004	transformers	2007	OK
aliens	1986	the silence of the lambs	1991	OK
rear window	1954	the night of the hunter	1955	OK
beetlejuice	1988	innerspace	1987	OK
ran	1985	still walking	2008	OK
fargo	1996	forrest gump	1994	NOT_OK
guardians of the galaxy vol. 2	2017	logan	2017	OK
bringing up baby	1938	it's a wonderful life	1946	OK
first man	2018	war for the planet of the apes	2017	OK
heat	1995	the shawshank redemption	1994	OK
forrest gump	1994	october sky	1999	OK
avengers: age of ultron	2015	the dark knight rises	2012	OK
rear window	1954	taxi driver	1976	OK
godzilla	1998	reign of fire	2002	OK
beauty and the beast	1991	toy story	1995	OK
her	2013	the fault in our stars	2014	OK
star trek beyond	2016	war for the planet of the apes	2017	NOT_OK
guardians of the galaxy	2014	the avengers	2012	OK
12 angry men	1957	all quiet on the western front	1930	OK
a midsummer night's sex comedy	1982	pretty woman	1990	OK
jaws	1975	the exorcist	1973	NOT_OK
live and let die	1973	top gun	1986	OK
justice league: doom	2012	thor: the dark world	2013	OK
rear window	1954	the apartment	1960	OK
ace ventura: when nature calls	1995	in the army now	1994	OK
m	1931	mark of the devil	1970	OK
aliens	1986	jaws	1975	OK
goodfellas	1990	the godfather	1972	OK
portrait of a lady on fire	2019	the midwife	2017	OK
batman	1989	star trek ii: the wrath of khan	1982	OK
avatar	2009	iron man	2008	OK
aquaman	2018	the death of superman	2018	OK
prometheus	2012	the hunger games	2012	NOT_OK
avatar	2009	prometheus	2012	OK
blade runner	1982	reservoir dogs	1992	OK
brokeback mountain	2005	little miss sunshine	2006	OK
batman	1989	the monster squad	1987	OK
iron man	2008	rambo	2008	NOT_OK
the avengers	2012	the dark knight rises	2012	OK
despicable me	2010	harry potter and the philosopher's stone	2001	NOT_OK
frozen	2013	the chronicles of narnia: the voyage of the dawn treader	2010	NOT_OK
fright night	2011	spider-man	2002	NOT_OK
l'avventura	1960	nights of cabiria	1957	NOT_OK
broken	2013	the hunt	2012	OK
mad max 2	1981	raiders of the lost ark	1981	OK
born on the fourth of july	1989	forrest gump	1994	NOT_OK
badlands	1973	the sting	1973	OK
pocahontas	1995	the little engine that could	1991	NOT_OK
jug face	2013	the hunt	2012	NOT_OK
kung fu panda	2008	pirates of the caribbean: the curse of the black pearl	2003	NOT_OK
the great dictator	1940	the iron duke	1934	OK
american assassin	2017	red sparrow	2018	OK
beetlejuice	1988	poltergeist	1982	OK
the exorcist	1973	to kill a mockingbird	1962	NOT_OK
die hard	1988	lethal weapon 2	1989	OK
antibodies	2005	m	1931	NOT_OK
melancholia	2011	there will be blood	2007	NOT_OK
batman	1989	batman returns	1992	OK
ben is back	2018	the florida project	2017	OK
frozen	2013	rio	2011	NOT_OK
mandy	2018	the lighthouse	2019	NOT_OK
transformers	2007	x-men	2000	OK
brokeback mountain	2005	the wrestler	2008	NOT_OK
purple noon	1960	the rules of the game	1939	OK
elysium	2013	life of pi	2012	NOT_OK
minions	2015	the land before time xiv: journey of the brave	2016	OK
blade runner	1982	the terminator	1984	OK
amores perros	2000	burnt money	2001	OK
red sparrow	2018	the equalizer 2	2018	OK
bohemian rhapsody	2018	the late bloomer	2016	NOT_OK
skyfall	2012	the hunger games: catching fire	2013	OK
mad max 2	1981	star trek vi: the undiscovered country	1991	OK
beauties of the night	1952	the rules of the game	1939	OK
bloodsport	1988	die hard	1988	NOT_OK
it	2017	logan	2017	OK
guardians of the galaxy	2014	mad max: fury road	2015	OK
12 angry men	1957	love and death	1975	NOT_OK
double indemnity	1944	shadow of a doubt	1943	OK
21 grams	2003	first reformed	2017	OK
2001: a space odyssey	1968	the empire strikes back	1980	OK
predators	2010	rambo	2008	OK
black panther	2018	mad max: fury road	2015	OK
12 angry men	1957	butch cassidy and the sundance kid	1969	NOT_OK
12 angry men	1957	gone with the wind	1939	NOT_OK
hunting humans	2002	saw	2004	OK
children of men	2006	the dish	2000	OK
hail the conquering hero	1944	the great dictator	1940	OK
children of men	2006	the world's fastest indian	2005	NOT_OK
star trek: first contact	1996	twister	1996	OK
children of men	2006	united 93	2006	OK
american made	2017	war for the planet of the apes	2017	NOT_OK
mega shark versus giant octopus	2009	rambo	2008	NOT_OK
it	2017	the conjuring 2	2016	OK
despicable me	2010	frankenweenie	2012	OK
hannibal	2001	the da vinci code	2006	OK
raiders of the lost ark	1981	the empire strikes back	1980	NOT_OK
brokeback mountain	2005	there will be blood	2007	NOT_OK
frenzy	1972	the maltese falcon	1941	NOT_OK
mayerling	1936	the rules of the game	1939	OK
bear nation	2010	mary and max	2009	NOT_OK
batman	1989	indiana jones and the last crusade	1989	OK
black panther	2018	incredibles 2	2018	OK
rosemary's baby	1968	the last picture show	1971	NOT_OK
casino	1995	goodfellas	1990	OK
all is lost	2013	the grand budapest hotel	2014	NOT_OK
hero	2002	warriors of heaven and earth	2003	OK
die hard	1988	top gun	1986	OK
green book	2018	hearts beat loud	2018	OK
blade runner 2049	2017	piranhaconda	2012	NOT_OK
sunshine	2007	the da vinci code	2006	NOT_OK
captain america: the winter soldier	2014	spectre	2015	NOT_OK
a wolf at the door	2013	city of god	2002	NOT_OK
lego jurassic world: the indominus escape	2016	minions	2015	OK
collision course	1989	die hard	1988	NOT_OK
hero	2002	the mad monk	1993	OK
avengers: age of ultron	2015	the avengers	2012	OK
city slickers	1991	forrest gump	1994	NOT_OK
ralph breaks the internet	2018	toy story 4	2019	OK
natural born killers	1994	twister	1996	NOT_OK
battleground	1949	the great dictator	1940	OK
ace ventura: when nature calls	1995	ernest goes to africa	1997	OK
armageddon	1998	die another day	2002	NOT_OK
detroit	2017	nightcrawler	2014	OK
badlands	1973	psycho	1960	OK
live free or die hard	2007	transformers	2007	OK
paprika	2006	spirited away	2001	OK
some like it hot	1959	touch of evil	1958	OK
black christmas	2019	us	2019	OK
hart's war	2002	saving private ryan	1998	OK
blade runner	1982	robocop	1987	OK
bicycle thieves	1948	il bidone	1955	OK
shadow of a doubt	1943	the maltese falcon	1941	OK
guardians of the galaxy	2014	pacific rim	2013	OK
ghostbusters	1984	the texas chain saw massacre	1974	NOT_OK
nightcrawler	2014	trance	2013	OK
saturday night fever	1977	the graduate	1967	OK
casablanca	1942	stagecoach	1939	NOT_OK
days of heaven	1978	taxi driver	1976	NOT_OK
some like it hot	1959	the apartment	1960	OK
logan	2017	thor: ragnarok	2017	OK
blood simple	1984	the exorcist	1973	NOT_OK
first reformed	2017	the favourite	2018	NOT_OK
an autumn afternoon	1962	tokyo story	1953	OK
for whom the bell tolls	1943	the great dictator	1940	NOT_OK
guardians of the galaxy	2014	iron man 3	2013	OK
harry potter and the order of the phoenix	2007	transformers	2007	NOT_OK
the lego movie 2: the second part	2019	toy story 4	2019	OK
monsters university	2013	the conjuring	2013	NOT_OK
the hobbit: the desolation of smaug	2013	the hunger games: catching fire	2013	NOT_OK
rear window	1954	rosemary's baby	1968	OK
let me in	2010	the conjuring	2013	OK
the da vinci code	2006	world trade center	2006	NOT_OK
captain america: the winter soldier	2014	the avengers	2012	OK
12 angry men	1957	the crying game	1992	NOT_OK
batman: bad blood	2016	minions	2015	NOT_OK
back to the future	1985	free willy	1993	NOT_OK
the conjuring	2013	trance	2013	OK
casablanca	1942	spartacus	1960	NOT_OK
nightcrawler	2014	nocturnal animals	2016	OK
spider-man	2002	super 8	2011	OK
armageddon	1998	pitch black	2000	OK
happy death day 2u	2019	us	2019	OK
die hard	1988	hard target	1993	OK
broken arrow	1950	the great dictator	1940	NOT_OK
blade runner	1982	raiders of the lost ark	1981	OK
nights of cabiria	1957	the lady without camelias	1953	OK
rocky	1976	the princess bride	1987	NOT_OK
gone with the wind	1939	stagecoach	1939	OK
goodfellas	1990	the sting	1973	OK
captain america: civil war	2016	spectre	2015	OK
the apartment	1960	the philadelphia story	1940	OK
citizen kane	1941	vertigo	1958	OK
casablanca	1942	the bridge on the river kwai	1957	NOT_OK
cloverfield	2008	despicable me	2010	NOT_OK
her	2013	inside out	2015	NOT_OK
captain marvel	2019	transformers: the last knight	2017	OK
avengers: infinity war	2018	captain america: civil war	2016	OK
avatar	2009	dawn of the planet of the apes	2014	OK
the evil dead	1981	twister	1996	NOT_OK
amadeus	1984	the cider house rules	1999	NOT_OK
m	1931	the avenger	1960	OK
star trek into darkness	2013	the dark knight rises	2012	OK
from the hip	1987	the green mile	1999	NOT_OK
land ho!	2014	the hunt	2012	NOT_OK
singin' in the rain	1952	the apartment	1960	OK
drive	2011	sin city	2005	OK
short term 12	2013	winter sleep	2014	OK
jaws	1975	star wars	1977	NOT_OK
in the tall grass	2019	joker	2019	NOT_OK
in cold blood	1967	the godfather	1972	OK
cimarron	1931	the great dictator	1940	NOT_OK
hero	2002	wing chun	1994	OK
good time	2017	secret in their eyes	2015	OK
the adventures of tintin	2011	transformers	2007	NOT_OK
fury	2014	rush	2013	OK
going places	1974	the passion of joan of arc	1928	NOT_OK
dog day afternoon	1975	goodfellas	1990	OK
district 9	2009	the hunger games	2012	OK
armageddon	1998	red planet	2000	OK
annie hall	1977	when harry met sally...	1989	OK
armageddon	1998	mortal kombat	1995	OK
mad max 2	1981	the terminator	1984	OK
all quiet on the western front	1930	sergeant york	1941	OK
the green mile	1999	the intruder	1999	NOT_OK
quadrophenia	1979	rocky	1976	NOT_OK
foxcatcher	2014	whiplash	2014	OK
amadeus	1984	the straight story	1999	NOT_OK
romola	1924	the birth of a nation	1915	NOT_OK
godzilla	1998	iron eagle on the attack	1995	NOT_OK
citizen kane	1941	double indemnity	1944	OK
g.i. joe: retaliation	2013	man of steel	2013	OK
shazam!	2019	toy story 4	2019	OK
looney tunes: back in action	2003	pirates of the caribbean: the curse of the black pearl	2003	NOT_OK
vertigo	1958	wait until dark	1967	OK
king kong	2005	spider-man	2002	OK
the hunt	2012	what maisie knew	2012	OK
brokeback mountain	2005	the big short	2015	NOT_OK
gattaca	1997	the shawshank redemption	1994	NOT_OK
sweeney todd: the demon barber of fleet street	2007	there will be blood	2007	OK
pulp fiction	1994	the shawshank redemption	1994	OK
the da vinci code	2006	universal soldiers	2007	OK
2001: a space odyssey	1968	raiders of the lost ark	1981	OK
pirates of the caribbean: the curse of the black pearl	2003	the matrix reloaded	2003	OK
red sparrow	2018	unlocked	2017	OK
amadeus	1984	dangerous liaisons	1988	OK
a bronx tale	1993	rocky	1976	OK
raiders of the lost ark	1981	star wars	1977	OK
fried green tomatoes	1991	rosemary's baby	1968	NOT_OK
mary and max	2009	the clique	2008	NOT_OK
american ninja 4: the annihilation	1991	mission: impossible	1996	OK
dirty harry	1971	the maltese falcon	1941	OK
12 angry men	1957	modern times	1936	NOT_OK
pacific rim	2013	the hobbit: the desolation of smaug	2013	NOT_OK
hot fuzz	2007	inside man	2006	OK
incredibles 2	2018	toy story 4	2019	OK
city lights	1931	the man who played god	1932	NOT_OK
the motorcycle diaries	2004	the sea inside	2004	OK
despicable me	2010	rango	2011	OK
prometheus	2012	the dark knight rises	2012	OK
all quiet on the western front	1930	the life of emile zola	1937	NOT_OK
princess mononoke	1997	seven samurai	1954	NOT_OK
aquaman	2018	avengers: infinity war	2018	OK
to kill a mockingbird	1962	vertigo	1958	OK
the four horsemen of the apocalypse	1921	the passion of joan of arc	1928	NOT_OK
hercules	1997	pocahontas	1995	OK
metropolis	1927	vampyr	1932	OK
casablanca	1942	citizen kane	1941	OK
raging bull	1980	taxi driver	1976	OK
ponyo	2008	princess mononoke	1997	OK
bardelys the magnificent	1926	the birth of a nation	1915	OK
hacksaw ridge	2016	rush	2013	NOT_OK
rear window	1954	vertigo	1958	OK
a fish called wanda	1988	goodfellas	1990	OK
a nightmare on elm street	1984	beetlejuice	1988	OK
annabelle: creation	2017	the conjuring	2013	OK
captain marvel	2019	star wars: the rise of skywalker	2019	OK
hunter killer	2018	red sparrow	2018	OK
argo	2012	rush	2013	NOT_OK
mad max: fury road	2015	star wars: the force awakens	2015	OK
a separation	2011	osama	2003	OK
dead 7	2016	minions	2015	NOT_OK
blade runner	1982	the dark crystal	1982	NOT_OK
deadpool	2016	the avengers	2012	OK
drive	2011	the girl with the dragon tattoo	2011	OK
citizen kane	1941	rear window	1954	OK
die hard	1988	point break	1991	OK
1917	2019	bram fischer	2017	OK
dawn of the planet of the apes	2014	furious 7	2015	NOT_OK
dirty dancing	1987	the graduate	1967	OK
eaten by lions	2019	jojo rabbit	2019	NOT_OK
children of men	2006	solaris	2002	OK
the machinist	2004	there will be blood	2007	OK
the lives of others	2006	young goethe in love	2010	NOT_OK
life risking romance	2016	parasite	2019	NOT_OK
prometheus	2012	thor: the dark world	2013	OK
pulp fiction	1994	reservoir dogs	1992	OK
cobra	1986	die hard	1988	OK
justice league vs. teen titans	2016	thor: the dark world	2013	OK
mary and max	2009	menashe	2017	OK
good time	2017	pet	2016	NOT_OK
avengers: age of ultron	2015	avengers: infinity war	2018	OK
captain marvel	2019	terminator: dark fate	2019	OK
back to the future	1985	meet the parents	2000	NOT_OK
the lighthouse	2019	wounds	2019	NOT_OK
pretty woman	1990	the goodbye girl	1977	OK
despicable me	2010	x-men	2000	NOT_OK
spider-man: far from home	2019	the lego movie 2: the second part	2019	OK
it's a wonderful life	1946	network	1976	NOT_OK
the birth of a nation	1915	the thief of bagdad	1924	NOT_OK
lady bird	2017	whiplash	2014	OK
bless me, ultima	2013	rush	2013	NOT_OK
american pie	1999	get over it	2001	OK
isle of dogs	2018	toy story 4	2019	NOT_OK
back to the future	1985	the lion king	1994	OK
pocahontas	1995	the lion king	1994	OK
godzilla	1998	virus	1999	OK
inception	2010	mad max: fury road	2015	OK
in the tall grass	2019	the lighthouse	2019	NOT_OK
apocalypse now	1979	stagecoach	1939	NOT_OK
despicable me	2010	monsters university	2013	OK
dracula untold	2014	man of steel	2013	OK
princess mononoke	1997	tokyo godfathers	2003	OK
harold and maude	1971	the graduate	1967	OK
guardians of the galaxy	2014	interstellar	2014	OK
mad max 2	1981	star trek iv: the voyage home	1986	OK
inception	2010	the social network	2010	OK
jurassic park	1993	the terminator	1984	OK
after the sunset	2004	jumanji	1995	NOT_OK
call me by your name	2017	pasolini	2014	OK
pacific rim	2013	skyfall	2012	NOT_OK
l'atalante	1934	the passion of joan of arc	1928	OK
suspect zero	2004	the green mile	1999	OK
pocahontas	1995	star trek: first contact	1996	NOT_OK
idle hands	1999	jumanji	1995	OK
rosemary's baby	1968	sex, lies, and videotape	1989	OK
inglourious basterds	2009	resistance	2003	OK
lore	2012	the pianist	2002	OK
2001: a space odyssey	1968	star wars	1977	OK
blade runner	1982	jaws	1975	NOT_OK
nights of cabiria	1957	the lickerish quartet	1970	OK
halloween	1978	the exorcist	1973	OK
chicago	2002	goodfellas	1990	OK
bats	1999	mission: impossible	1996	NOT_OK
guns akimbo	2019	the lighthouse	2019	NOT_OK
jumanji	1995	without a paddle	2004	OK
life of pi	2012	lucy	2014	NOT_OK
indignation	2016	winter sleep	2014	NOT_OK
furious 7	2015	star trek beyond	2016	OK
pocahontas	1995	the lord of the rings	1978	OK
the grand budapest hotel	2014	the king's speech	2010	OK
goodfellas	1990	the shawshank redemption	1994	OK
blindspotting	2018	good time	2017	OK
the adventures of tintin	2011	the hobbit: the desolation of smaug	2013	OK
her	2013	silver linings playbook	2012	OK
sleep tight	2011	wild tales	2014	NOT_OK
looney tunes: rabbits run	2015	minions	2015	OK
star trek	2009	transformers	2007	OK
django unchained	2012	skyfall	2012	OK
casablanca	1942	the searchers	1956	NOT_OK
captain america: the winter soldier	2014	logan	2017	OK
jurassic park	1993	terminator 2: judgment day	1991	NOT_OK
the blues brothers	1980	zapped!	1982	NOT_OK
apocalypse now	1979	the empire strikes back	1980	NOT_OK
12 angry men	1957	double indemnity	1944	OK
a star is born	2018	green book	2018	OK
marguerite & julien	2015	portrait of a lady on fire	2019	OK
first reformed	2017	i, tonya	2017	NOT_OK
poltergeist	1982	the exorcist	1973	OK
minions	2015	scooby-doo! and kiss: rock and roll mystery	2015	OK
the bourne identity	2002	the da vinci code	2006	OK
ninja assassin	2009	rambo	2008	OK
carrie	1976	the exorcist	1973	OK
jumanji	1995	teen wolf	1985	OK
django unchained	2012	inception	2010	OK
network	1976	rocky	1976	OK
badlands	1973	taxi driver	1976	OK
argo	2012	skyfall	2012	OK
captain america: the first avenger	2011	iron man	2008	OK
shrek	2001	toy story	1995	OK
saw	2004	scream 3	2000	OK
badlands	1973	the godfather	1972	OK
brightburn	2019	us	2019	OK
pretty woman	1990	sweet dreams	1985	OK
ant-man and the wasp	2018	black panther	2018	OK
aliens	1986	innerspace	1987	OK
bridge to terabithia	2007	mary and max	2009	NOT_OK
hellboy	2004	pirates of the caribbean: the curse of the black pearl	2003	NOT_OK
american hustle	2013	the grand budapest hotel	2014	NOT_OK
elf	2003	spider-man	2002	NOT_OK
man of steel	2013	thor	2011	OK
pocahontas	1995	star trek generations	1994	NOT_OK
the godfather	1972	to kill a mockingbird	1962	OK
caddyshack	1980	the blues brothers	1980	NOT_OK
mad max 2	1981	star wars	1977	OK
her	2013	the social network	2010	NOT_OK
bicycle thieves	1948	story of a love affair	1950	NOT_OK
it's only the end of the world	2016	portrait of a lady on fire	2019	OK
jurassic world	2015	man of steel	2013	OK
iron man 3	2013	skyfall	2012	OK
battle royale	2000	ran	1985	OK
back to the future	1985	poltergeist	1982	OK
john wick	2014	john wick: chapter 2	2017	OK
among the living	2014	beauty and the beast	2014	NOT_OK
blade runner 2049	2017	the artist	2011	NOT_OK
amadeus	1984	this is spinal tap	1984	NOT_OK
double indemnity	1944	the apartment	1960	NOT_OK
ace ventura: when nature calls	1995	clockstoppers	2002	OK
dawn of the planet of the apes	2014	man of steel	2013	NOT_OK
face/off	1997	twister	1996	NOT_OK
the devil's backbone	2001	the motorcycle diaries	2004	NOT_OK
nanook of the north	1922	the birth of a nation	1915	OK
good time	2017	november criminals	2017	OK
inglourious basterds	2009	the baader meinhof complex	2008	OK
the pianist	2002	u-571	2000	OK
a separation	2011	the song of sparrows	2008	OK
live free or die hard	2007	rambo	2008	OK
godzilla	1954	seven samurai	1954	NOT_OK
mars attacks!	1996	mission: impossible	1996	NOT_OK
die hard	1988	die hard 2	1990	OK
crazy as hell	2002	the green mile	1999	NOT_OK
some like it hot	1959	the philadelphia story	1940	OK
deepstar six	1989	die hard	1988	NOT_OK
it	2017	the jungle book	2016	NOT_OK
furious 7	2015	prometheus	2012	OK
blade runner 2049	2017	shaun the sheep movie	2015	NOT_OK
saw	2004	three way	2004	NOT_OK
gemini man	2019	the lighthouse	2019	OK
aliens	1986	top gun	1986	NOT_OK
beauty and the beast	2014	the rabbi's cat	2011	NOT_OK
fantastic beasts and where to find them	2016	it	2017	OK
barakat!	2006	incendies	2010	OK
nightcrawler	2014	rob the mob	2014	OK
black swan	2010	drive	2011	NOT_OK
mary and max	2009	the last song	2010	NOT_OK
saving private ryan	1998	three kings	1999	OK
innerspace	1987	the terminator	1984	OK
fracture	2007	inside man	2006	OK
portrait of a lady on fire	2019	summertime	2015	OK
passage to marseille	1944	the great dictator	1940	OK
casablanca	1942	north by northwest	1959	OK
boyhood	2014	whiplash	2014	NOT_OK
incredibles 2	2018	spider-man: far from home	2019	NOT_OK
blade runner 2049	2017	virtual revolution	2016	OK
the conjuring	2013	what we do in the shadows	2014	OK
anesthesia	2015	good time	2017	OK
star trek into darkness	2013	star wars: the force awakens	2015	OK
princess mononoke	1997	summer wars	2009	OK
blue velvet	1986	goodfellas	1990	NOT_OK
superman ii	1980	the terminator	1984	OK
despicable me	2010	zombieland	2009	NOT_OK
from here to eternity	1953	gone with the wind	1939	NOT_OK
deadpool	2016	guardians of the galaxy vol. 2	2017	OK
iron man 3	2013	transformers	2007	OK
american pie	1999	josie and the pussycats	2001	OK
beauty and the beast	2014	witch way love	1997	OK
prometheus	2012	the avengers	2012	NOT_OK
annie hall	1977	carrie	1976	NOT_OK
ant-man	2015	star wars: the force awakens	2015	OK
12 angry men	1957	to kill a mockingbird	1962	OK
brokeback mountain	2005	the social network	2010	NOT_OK
silver linings playbook	2012	whiplash	2014	NOT_OK
aliens	1986	the untouchables	1987	NOT_OK
her	2013	the wrestler	2008	NOT_OK
good time	2017	pyewacket	2017	NOT_OK
psycho	1960	rear window	1954	OK
godzilla	1998	highlander: the source	2007	OK
inside man	2006	ronin	1998	OK
goodfellas	1990	raging bull	1980	OK
all quiet on the western front	1930	the life and death of colonel blimp	1943	OK
godzilla	1954	princess mononoke	1997	NOT_OK
pan's labyrinth	2006	the motorcycle diaries	2004	NOT_OK
mulan	1998	pocahontas	1995	OK
rambo	2008	the terminators	2009	OK
downton abbey	2019	joker	2019	NOT_OK
one flew over the cuckoo's nest	1975	the elephant man	1980	OK
child's play 3	1991	jumanji	1995	NOT_OK
calvary	2014	first reformed	2017	OK
ghostbusters	1984	the last starfighter	1984	NOT_OK
five easy pieces	1970	the graduate	1967	OK
dayveon	2017	good time	2017	OK
bohemian rhapsody	2018	rocketman	2019	OK
captain america: civil war	2016	logan	2017	OK
paths of glory	1957	the great dictator	1940	OK
iron man	2008	pirates of the caribbean: the curse of the black pearl	2003	OK
darkest hour	2017	first reformed	2017	NOT_OK
beirut	2018	red sparrow	2018	OK
armageddon	1998	xxx	2002	NOT_OK
john wick	2014	salt	2010	OK
captain america: the first avenger	2011	spectre	2015	OK
it happened one night	1934	some like it hot	1959	OK
a goofy movie	1995	american pie	1999	NOT_OK
lilo & stitch	2002	pirates of the caribbean: the curse of the black pearl	2003	NOT_OK
bullitt	1968	touch of evil	1958	OK
minions	2015	regular show: the movie	2015	OK
avatar	2009	star trek	2009	OK
american graffiti	1973	beetlejuice	1988	OK
superbad	2007	ted	2012	NOT_OK
aftermath	2012	ashes and diamonds	1958	NOT_OK
mulan	1998	the lord of the rings: the return of the king	2003	NOT_OK
12 angry men	1957	citizen kane	1941	OK
frozen	2013	the tale of despereaux	2008	NOT_OK
psycho	1960	wait until dark	1967	OK
pulp fiction	1994	the sting	1973	OK
forrest gump	1994	the shawshank redemption	1994	NOT_OK
the passion of joan of arc	1928	where east is east	1929	NOT_OK
mission: impossible	1996	the viking sagas	1995	NOT_OK
dog day afternoon	1975	the shawshank redemption	1994	OK
monsters, inc.	2001	toy story	1995	OK
soul kitchen	2009	the lives of others	2006	NOT_OK
drive	2011	million dollar baby	2004	OK
deep impact	1998	godzilla	1998	OK
countdown	2019	us	2019	OK
annie hall	1977	breaking away	1979	NOT_OK
aquaman	2018	kong: skull island	2017	OK
escape from new york	1981	raiders of the lost ark	1981	NOT_OK
godzilla	1998	invasion u.s.a.	1985	OK
rush	2013	the imitation game	2014	OK
battle royale	2000	seven samurai	1954	OK
meatballs	1979	the blues brothers	1980	NOT_OK
call me by your name	2017	fat girl	2001	OK
a streetcar named desire	1951	the apartment	1960	OK
rain man	1988	rocky	1976	NOT_OK
stroker ace	1983	the blues brothers	1980	OK
blade runner	1982	innerspace	1987	OK
a streetcar named desire	1951	double indemnity	1944	OK
drive	2011	the town	2010	OK
batman returns	1992	jurassic park	1993	OK
man of steel	2013	prometheus	2012	OK
children of men	2006	rabbit-proof fence	2002	NOT_OK
drive	2011	there will be blood	2007	OK
apocalypse now	1979	raiders of the lost ark	1981	OK
furious 7	2015	live free or die hard	2007	OK
inglourious basterds	2009	munich	2005	OK
minions	2015	wreck-it ralph	2012	OK
avengers: infinity war	2018	logan	2017	OK
edge of tomorrow	2014	the hobbit: the desolation of smaug	2013	NOT_OK
1917	2019	maze runner: the death cure	2018	OK
rush	2013	the post	2017	NOT_OK
american pie	1999	not another teen movie	2001	OK
1917	2019	the mountie	2011	NOT_OK
the grand budapest hotel	2014	three billboards outside ebbing, missouri	2017	OK
mary and max	2009	prom	2011	NOT_OK
the hunger games	2012	the hunger games: catching fire	2013	OK
bonnie and clyde	1967	the godfather	1972	OK
the headless woman	2008	wild tales	2014	NOT_OK
ratatouille	2007	the lord of the rings: the return of the king	2003	NOT_OK
a streetcar named desire	1951	psycho	1960	NOT_OK
cloudy with a chance of meatballs	2009	despicable me	2010	OK
dawn of the planet of the apes	2014	war for the planet of the apes	2017	OK
a nightmare on elm street	1984	ghostbusters	1984	NOT_OK
m	1931	the green archer	1961	OK
bonnie and clyde	1967	the sting	1973	OK
the abyss	1989	twister	1996	OK
default	2018	parasite	2019	OK
captain america: the winter soldier	2014	thor: the dark world	2013	OK
drive	2011	seven psychopaths	2012	NOT_OK
shrek 2	2004	toy story	1995	OK
one flew over the cuckoo's nest	1975	rocky	1976	NOT_OK
psycho	1960	the apartment	1960	NOT_OK
american made	2017	furious 7	2015	OK
the hobbit: the desolation of smaug	2013	world war z	2013	NOT_OK
don't breathe	2016	it	2017	OK
brokeback mountain	2005	juno	2007	OK
all quiet on the western front	1930	the journey	1959	OK
beauty and the beast	2014	nocturama	2016	NOT_OK
fanny	1932	the rules of the game	1939	NOT_OK
harry potter and the prisoner of azkaban	2004	the lord of the rings: the return of the king	2003	OK
absolute power	1997	the green mile	1999	NOT_OK
mary and max	2009	midnight in paris	2011	OK
a streetcar named desire	1951	some like it hot	1959	NOT_OK
dog day afternoon	1975	taxi driver	1976	NOT_OK
bicycle thieves	1948	the hawks and the sparrows	1966	OK
spirited away	2001	tokyo godfathers	2003	OK
beetlejuice	1988	raising arizona	1987	NOT_OK
all the president's men	1976	the sting	1973	OK
bridge of spies	2015	the pianist	2002	OK
atomic blonde	2017	furious 7	2015	OK
all quiet on the western front	1930	for whom the bell tolls	1943	OK
drive	2011	sweeney todd: the demon barber of fleet street	2007	NOT_OK
that man from rio	1964	the passion of joan of arc	1928	NOT_OK
l'atalante	1934	the rules of the game	1939	NOT_OK
the blues brothers	1980	the mutilator	1984	NOT_OK
kung fu panda	2008	the hobbit: the desolation of smaug	2013	NOT_OK
a kid in king arthur's court	1995	ace ventura: when nature calls	1995	OK
man of steel	2013	spectre	2015	NOT_OK
doubt	2008	mary and max	2009	NOT_OK
big momma's house	2000	the green mile	1999	NOT_OK
incendies	2010	the diving bell and the butterfly	2007	NOT_OK
captain america: civil war	2016	guardians of the galaxy	2014	OK
ready player one	2018	spider-man: far from home	2019	OK
it happened one night	1934	it's a wonderful life	1946	OK
mission: impossible	1996	starship troopers	1997	OK
female agents	2008	inglourious basterds	2009	OK
gray lady down	1978	top gun	1986	OK
city lights	1931	the champ	1931	OK
el camino: a breaking bad movie	2019	joker	2019	NOT_OK
ace ventura: when nature calls	1995	son of the pink panther	1993	NOT_OK
captain america: civil war	2016	deadpool	2016	OK
the gold rush	1925	the red mill	1927	OK
aquaman	2018	pirates of the caribbean: dead men tell no tales	2017	OK
bears	2014	frozen	2013	OK
mallrats	1995	the blues brothers	1980	NOT_OK
ghostbusters	1984	phantasm	1979	OK
mulan	1998	titanic	1997	NOT_OK
crank	2006	the da vinci code	2006	OK
rocky	1976	the sting	1973	NOT_OK
2001: a space odyssey	1968	jaws	1975	NOT_OK
john wick	2014	red heat	1988	NOT_OK
bombshell	2019	the lighthouse	2019	NOT_OK
captain america: civil war	2016	star wars: the force awakens	2015	OK
it follows	2014	spider-man	2002	OK
rambo	2008	starship troopers 3: marauder	2008	NOT_OK
go west	1925	the gold rush	1925	OK
the death of stalin	2017	the grand budapest hotel	2014	NOT_OK
inglourious basterds	2009	the red baron	2008	OK
ferris bueller's day off	1986	the blues brothers	1980	OK
minions	2015	scooby-doo! wrestlemania mystery	2014	OK
jojo rabbit	2019	tulip fever	2017	NOT_OK
kung fu panda	2008	transformers	2007	NOT_OK
touch of evil	1958	vertigo	1958	OK
get on up	2014	green book	2018	OK
the skin i live in	2011	wild tales	2014	OK
first reformed	2017	the girl with the dragon tattoo	2011	OK
bonnie and clyde	1967	one flew over the cuckoo's nest	1975	OK
forrest gump	1994	raging bull	1980	NOT_OK
ronal the barbarian	2011	the hunt	2012	NOT_OK
a star is born	1954	some like it hot	1959	OK
call me by your name	2017	three billboards outside ebbing, missouri	2017	NOT_OK
floating weeds	1959	tokyo story	1953	OK
american gangster	2007	inside man	2006	OK
frozen	2013	oz the great and powerful	2013	NOT_OK
an invisible sign	2010	mary and max	2009	OK
annihilation	2018	red sparrow	2018	NOT_OK
the sting	1973	to kill a mockingbird	1962	OK
superman: unbound	2013	thor: the dark world	2013	OK
ace ventura: when nature calls	1995	hot shots!	1991	OK
sweetheart	2019	us	2019	OK
taxi driver	1976	the grifters	1990	NOT_OK
beetlejuice	1988	ferris bueller's day off	1986	NOT_OK
spider-man	2002	spider-man 2	2004	OK
armageddon	1998	universal soldier: the return	1999	OK
jojo rabbit	2019	the peanut butter falcon	2019	OK
a separation	2011	taxi	2015	NOT_OK
casablanca	1942	lifeboat	1944	OK
child's play 2	1990	jumanji	1995	NOT_OK
finding nemo	2003	the lord of the rings: the return of the king	2003	NOT_OK
green book	2018	the killing of a sacred deer	2017	NOT_OK
amores perros	2000	lovers of the arctic circle	1998	OK
armageddon	1998	stealth fighter	1999	NOT_OK
it	2017	prometheus	2012	NOT_OK
jumanji	1995	problem child	1990	NOT_OK
die hard	1988	first blood	1982	OK
the matrix	1999	titanic	1997	OK